{
  "btcusdt": 165.48361015015547,
  "ethusdt": 152.32826923499107,
  "solusdt": 166.67509036027596,
  "dogeusdt": 181.36941254271565,
  "linkusdt": 116.61054784065836
}